{"cameraMode":{"drawMode":0,"name":"Shaded","section":"Shading Mode"},"sceneLighting":false,"audioPlay":false,"sceneViewState":{"m_AlwaysRefresh":false,"showFog":false,"showSkybox":false,"showFlares":false,"showImageEffects":false,"showParticleSystems":false,"showVisualEffectGraphs":true,"m_FxEnabled":true},"in2DMode":false,"pivot":{"x":24.744853973388673,"y":-0.23797893524169923,"z":51.84466552734375},"rotation":{"x":0.06472599506378174,"y":0.03441739082336426,"z":-0.00222937879152596,"w":0.9973161816596985},"size":11.159887313842774,"orthographic":false}