{"cameraMode":{"drawMode":0,"name":"Shaded","section":"Shading Mode"},"sceneLighting":true,"audioPlay":false,"sceneViewState":{"m_AlwaysRefresh":false,"showFog":false,"showSkybox":false,"showFlares":false,"showImageEffects":false,"showParticleSystems":false,"showVisualEffectGraphs":true,"m_FxEnabled":true},"in2DMode":false,"pivot":{"x":11.113363265991211,"y":0.030376434326171876,"z":23.890560150146486},"rotation":{"x":-0.3095696270465851,"y":-0.3955841362476349,"z":0.14377465844154359,"w":-0.8527063727378845},"size":17.241146087646486,"orthographic":false}