{"cameraMode":{"drawMode":0,"name":"Shaded","section":"Shading Mode"},"sceneLighting":true,"audioPlay":false,"sceneViewState":{"m_AlwaysRefresh":false,"showFog":false,"showSkybox":false,"showFlares":false,"showImageEffects":false,"showParticleSystems":false,"showVisualEffectGraphs":true,"m_FxEnabled":true},"in2DMode":false,"pivot":{"x":581.5156860351563,"y":221.25030517578126,"z":64.14657592773438},"rotation":{"x":-0.0003347574674990028,"y":0.9968079924583435,"z":-0.07972424477338791,"w":-0.004185666795819998},"size":522.0740966796875,"orthographic":false}