{"cameraMode":{"drawMode":0,"name":"Shaded","section":"Shading Mode"},"sceneLighting":true,"audioPlay":false,"sceneViewState":{"m_AlwaysRefresh":false,"showFog":false,"showSkybox":false,"showFlares":false,"showImageEffects":false,"showParticleSystems":false,"showVisualEffectGraphs":true,"m_FxEnabled":true},"in2DMode":false,"pivot":{"x":374.8020324707031,"y":376.2949523925781,"z":7.353507995605469},"rotation":{"x":-0.00014262719196267426,"y":0.999062716960907,"z":0.04317684471607208,"w":0.0032979571260511877},"size":120.7287368774414,"orthographic":false}