{"cameraMode":{"drawMode":0,"name":"Shaded","section":"Shading Mode"},"sceneLighting":true,"audioPlay":false,"sceneViewState":{"m_AlwaysRefresh":false,"showFog":false,"showSkybox":false,"showFlares":false,"showImageEffects":false,"showParticleSystems":false,"showVisualEffectGraphs":true,"m_FxEnabled":true},"in2DMode":false,"pivot":{"x":14.026538848876954,"y":1.3070037364959717,"z":-273.5420837402344},"rotation":{"x":-0.00885414332151413,"y":0.4986068308353424,"z":0.005048523191362619,"w":0.8668105602264404},"size":0.8660253882408142,"orthographic":false}